[
  {
    "title": "Audio Obfuscation App:",
    "imageSrc": "projects/audioobf.png",
    "description": "Developed an audio obfuscation program for Special Operation Forces, designed to secure communication between two parties, ensuring conversations remain intelligible yet unidentifiable to unauthorized listeners. ",
    "skills": ["Python", "AWS", "API Requests", "Customtkinter"],
    "demo": "https://youtu.be/aNeVxba5CVg",
    "source": "https://github.com/tobyplw/Audio-Obfuscation-Capstone"
  },
  {
    "title": "HalalBytes:",
    "imageSrc": "projects/halalbytes.png",
    "description": "Developed a web app that highlights halal restaurants in Columbus, OH. Implemented PostgreSQL for efficient data storage & retrieval, encompassing restaurant information and user reviews. Mobile app is currently in progress.",
    "skills": ["HTML", "CSS", "JavaScript", "Ruby on Rails", "SQL"],
    "demo": "http://vps-e0bdeadf.vps.ovh.us/",
    "source": "https://github.com/ThatOneBrownKid/HalalBytes"
  },
  {
    "title": "Unix Shell:",
    "imageSrc": "projects/shell.png",
    "description": "Designed and implemented sophisticated Unix shell, integrating extensive Linux command support for versatile task execution. Incorporation of multi-threading enabled concurrent command processing, significantly enhancing user responsiveness & efficiency.",
    "skills": ["C", "Multi-Threading"],
   
    "source": "https://github.com/SharkFinn3/CSE2431/blob/main/shell.c"
  },
  {
      "title": "Connect 4:",
      "imageSrc": "projects/connect4.png",
      "description": "Developed a Connect 4 app. This interface dynamically updates to reflect the game's progress, showing current state, turn notifications, move success, and game outcomes, including wins or draws, providing a fully interactive and real-time gaming experience.",
      "skills": ["MATLAB"],
      "demo": "https://u.osu.edu/fe1181sp20sec28317d/business-plan/pitch-video-with-demonstration/",
      "source": "https://github.com/SharkFinn3/ENGR-1181"
    },
    {
      "title": "Aviation Weather App:",
      "imageSrc": "projects/aviationweather.png",
      "description": "Developed an app that allows users to enter station identifier to retrieve & display recent METAR data, including temperature, wind direction & speed, weather conditions, & visibility. It features functions to parse XML data, manage API requests, and dynamically update the GUI with fetched weather information.",
      "skills": ["Python", "Tkinter", "XML Parsing", "API Requests"],
     
      "source": "https://github.com/SharkFinn3/AviationWeatherApp"
    },
    {
      "title": "Tag Cloud Generator:",
      "imageSrc": "projects/tagcloud.png",
      "description": "Developed Tag Cloud Generator in Java that analyzes text files to visualize word frequency. Font sizes are based on word occurrence. Dynamically generates HTML outputs showcasing top words in various sizes, to enhance data visualization.",
      "skills": ["Java", "HTML"],
     
      "source": "https://github.com/SharkFinn3/CSE-2231/tree/main/TagCloudGeneratorWithStandardJavaComponents"
    }
]

