[
  {
      "title": "Java",
      "imageSrc": "skills/java.png"
  },
  {
      "title": "Python",
      "imageSrc": "skills/python.png"
  },
  {
      "title": "C++",
      "imageSrc": "skills/c.png"
  },
  {
      "title": "HTML",
      "imageSrc": "skills/html.png"
  },
  {
      "title": "JavaScript",
      "imageSrc": "skills/javascript.png"
  },
  {
      "title": "CSS",
      "imageSrc": "skills/css.png"
  },
  {
      "title": "React",
      "imageSrc": "skills/react.png"
  },
  {
      "title": "Node",
      "imageSrc": "skills/node.png"
  },
  {
      "title": "Ruby",
      "imageSrc": "skills/ruby.png"
  },
  {
      "title": "MySQL",
      "imageSrc": "skills/mysql.png"
  },
  {
      "title": "MongoDB",
      "imageSrc": "skills/mongodb.png"
  },
  {
      "title": "Swift",
      "imageSrc": "skills/swift.png"
  },
  {
      "title": "AWS",
      "imageSrc": "skills/aws.png"
  },
  {
      "title": "Flask",
      "imageSrc": "skills/flask.png"
  },
  {
      "title": "Git",
      "imageSrc": "skills/git.png"
  }
]
